<?xml version="1.0" encoding="UTF-8"?>
<patch>
    <patchfiles>
        <patchfile>
            <relativepath>plugins/com.ibm.ws.prereq.wsdl4j.jar</relativepath>
            <operation>archive</operation>
            <fileinarchive operation="archive-update">com/ibm/wsdl/xml/WSDLReaderImpl$1.class</fileinarchive>
            <fileinarchive operation="archive-update">com/ibm/wsdl/xml/WSDLReaderImpl$2.class</fileinarchive>
            <fileinarchive operation="archive-update">com/ibm/wsdl/xml/WSDLReaderImpl.class</fileinarchive>
        </patchfile>
        <patchfile>
            <relativepath>plugins/com.ibm.ws.runtime.jar</relativepath>
            <operation>archive</operation>
            <fileinarchive operation="archive-update">com/ibm/ws/Transaction/JTS/TransactionWorkloadCollaborator.class</fileinarchive>
            <fileinarchive operation="archive-update">com/ibm/ws/Transaction/JTS/TransactionWrapper.class</fileinarchive>
            <fileinarchive operation="archive-update">com/ibm/ws/Transaction/JTS/TxClientInterceptor.class</fileinarchive>
            <fileinarchive operation="archive-update">com/ibm/ws/Transaction/JTS/TxInterceptorHelper$1.class</fileinarchive>
            <fileinarchive operation="archive-update">com/ibm/ws/Transaction/JTS/TxInterceptorHelper.class</fileinarchive>
            <fileinarchive operation="archive-update">com/ibm/ws/Transaction/JTS/TxServerInterceptor$InboundRequest.class</fileinarchive>
            <fileinarchive operation="archive-update">com/ibm/ws/Transaction/JTS/TxServerInterceptor.class</fileinarchive>
            <fileinarchive operation="archive-update">com/ibm/ws/Transaction/JTS/VERSION2MOD1.class</fileinarchive>
            <fileinarchive operation="archive-update">com/ibm/ws/Transaction/JTS/WSCascadedPropagationDataHelper.class</fileinarchive>
            <fileinarchive operation="archive-update">com/ibm/ws/Transaction/JTS/WSCoordinator.class</fileinarchive>
            <fileinarchive operation="archive-update">com/ibm/ws/Transaction/JTS/WSCoordinatorImpl$TidHolder.class</fileinarchive>
            <fileinarchive operation="archive-update">com/ibm/ws/Transaction/JTS/WSCoordinatorImpl.class</fileinarchive>
            <fileinarchive operation="archive-update">com/ibm/ws/Transaction/JTS/WSCoordinatorOperations.class</fileinarchive>
            <fileinarchive operation="archive-update">com/ibm/ws/Transaction/JTS/WSExtendedCascadedPropagationDataHelper.class</fileinarchive>
            <fileinarchive operation="archive-update">com/ibm/ws/Transaction/JTS/WSExtendedPropagationDataHelper.class</fileinarchive>
            <fileinarchive operation="archive-update">com/ibm/ws/Transaction/JTS/WSPropagationDataHelper.class</fileinarchive>
            <fileinarchive operation="archive-update">com/ibm/ws/Transaction/JTS/_WSCoordinatorImplBase.class</fileinarchive>
            <fileinarchive operation="archive-update">com/ibm/ws/Transaction/JTS/_WSCoordinatorStub.class</fileinarchive>
            <fileinarchive operation="archive-update">com/ibm/ws/tx/jta/TransactionImpl$1.class</fileinarchive>
            <fileinarchive operation="archive-update">com/ibm/ws/tx/jta/TransactionImpl$2.class</fileinarchive>
            <fileinarchive operation="archive-update">com/ibm/ws/tx/jta/TransactionImpl$TxPerformanceData.class</fileinarchive>
            <fileinarchive operation="archive-update">com/ibm/ws/tx/jta/TransactionImpl.class</fileinarchive>
            <fileinarchive operation="archive-update">com/ibm/ws390/tx/TranAffinityRouterHelper$TransactionRequestStateMap.class</fileinarchive>
            <fileinarchive operation="archive-update">com/ibm/ws390/tx/TranAffinityRouterHelper.class</fileinarchive>
            <fileinarchive operation="archive-update">org/apache/wsif/providers/ejb/WSIFOperation_EJB$1.class</fileinarchive>
            <fileinarchive operation="archive-update">org/apache/wsif/providers/ejb/WSIFOperation_EJB$2.class</fileinarchive>
            <fileinarchive operation="archive-update">org/apache/wsif/providers/ejb/WSIFOperation_EJB$FaultMessageInfo.class</fileinarchive>
            <fileinarchive operation="archive-update">org/apache/wsif/providers/ejb/WSIFOperation_EJB.class</fileinarchive>
            <fileinarchive operation="archive-update">org/apache/wsif/providers/ejb/WSIFPort_EJB$1.class</fileinarchive>
            <fileinarchive operation="archive-update">org/apache/wsif/providers/ejb/WSIFPort_EJB$2.class</fileinarchive>
            <fileinarchive operation="archive-update">org/apache/wsif/providers/ejb/WSIFPort_EJB$3.class</fileinarchive>
            <fileinarchive operation="archive-update">org/apache/wsif/providers/ejb/WSIFPort_EJB$4.class</fileinarchive>
            <fileinarchive operation="archive-update">org/apache/wsif/providers/ejb/WSIFPort_EJB.class</fileinarchive>
        </patchfile>
    </patchfiles>
    <name>9.0.0.11-WS-WASProd-IFPH25074-1s-1i</name>
    <description>9.0.0.11-WS-WASProd-IFPH25074-1s-1i</description>
</patch>
<?metadata version='0.0.4'?>
